date,materialtype,checkouts
2020-01-01,AUDIOBOOK,89135
2020-01-01,BOOK,202835
2020-01-01,EBOOK,115856
2020-02-01,AUDIOBOOK,79808
2020-02-01,BOOK,180910
2020-02-01,EBOOK,102572
2020-03-01,AUDIOBOOK,72509
2020-03-01,BOOK,94858
2020-03-01,EBOOK,115424
2020-04-01,AUDIOBOOK,80321
2020-04-01,BOOK,0
2020-04-01,EBOOK,131620
2020-05-01,AUDIOBOOK,88458
2020-05-01,BOOK,0
2020-05-01,EBOOK,151073
2020-06-01,AUDIOBOOK,94219
2020-06-01,BOOK,0
2020-06-01,EBOOK,144618
2020-07-01,AUDIOBOOK,91863
2020-07-01,BOOK,0
2020-07-01,EBOOK,148646
2020-08-01,AUDIOBOOK,93149
2020-08-01,BOOK,641
2020-08-01,EBOOK,152523
2020-09-01,AUDIOBOOK,85793
2020-09-01,BOOK,18310
2020-09-01,EBOOK,142138
2020-10-01,AUDIOBOOK,86506
2020-10-01,BOOK,32040
2020-10-01,EBOOK,139005
2020-11-01,AUDIOBOOK,84343
2020-11-01,BOOK,35237
2020-11-01,EBOOK,138751
2020-12-01,AUDIOBOOK,94641
2020-12-01,BOOK,44840
2020-12-01,EBOOK,147112
2021-01-01,AUDIOBOOK,101324
2021-01-01,BOOK,54453
2021-01-01,EBOOK,153361
2021-02-01,AUDIOBOOK,86782
2021-02-01,BOOK,53675
2021-02-01,EBOOK,130306
2021-03-01,AUDIOBOOK,100178
2021-03-01,BOOK,69885
2021-03-01,EBOOK,143958
2021-04-01,AUDIOBOOK,91059
2021-04-01,BOOK,64222
2021-04-01,EBOOK,127489
2021-05-01,AUDIOBOOK,96890
2021-05-01,BOOK,66551
2021-05-01,EBOOK,135175
2021-06-01,AUDIOBOOK,92613
2021-06-01,BOOK,91595
2021-06-01,EBOOK,133179
2021-07-01,AUDIOBOOK,96757
2021-07-01,BOOK,117588
2021-07-01,EBOOK,128443
2021-08-01,AUDIOBOOK,101474
2021-08-01,BOOK,119109
2021-08-01,EBOOK,132856
2021-09-01,AUDIOBOOK,90260
2021-09-01,BOOK,128154
2021-09-01,EBOOK,118454
2021-10-01,AUDIOBOOK,98430
2021-10-01,BOOK,131173
2021-10-01,EBOOK,119625
2021-11-01,AUDIOBOOK,97389
2021-11-01,BOOK,131472
2021-11-01,EBOOK,120554
2021-12-01,AUDIOBOOK,104417
2021-12-01,BOOK,90661
2021-12-01,EBOOK,130825
2022-01-01,AUDIOBOOK,113924
2022-01-01,BOOK,140255
2022-01-01,EBOOK,139316
2022-02-01,AUDIOBOOK,95051
2022-02-01,BOOK,111063
2022-02-01,EBOOK,112109
2022-03-01,AUDIOBOOK,108372
2022-03-01,BOOK,133303
2022-03-01,EBOOK,124230
2022-04-01,AUDIOBOOK,74434
2022-04-01,BOOK,120135
2022-04-01,EBOOK,119547
2022-05-01,AUDIOBOOK,113545
2022-05-01,BOOK,123530
2022-05-01,EBOOK,125790
2022-06-01,AUDIOBOOK,112846
2022-06-01,BOOK,131211
2022-06-01,EBOOK,121418
2022-07-01,AUDIOBOOK,119603
2022-07-01,BOOK,117286
2022-07-01,EBOOK,132755
2022-08-01,AUDIOBOOK,123824
2022-08-01,BOOK,135289
2022-08-01,EBOOK,135753
2022-09-01,AUDIOBOOK,117477
2022-09-01,BOOK,122538
2022-09-01,EBOOK,125285
2022-10-01,AUDIOBOOK,120769
2022-10-01,BOOK,123894
2022-10-01,EBOOK,130226
2022-11-01,AUDIOBOOK,116008
2022-11-01,BOOK,120489
2022-11-01,EBOOK,127789
2022-12-01,AUDIOBOOK,128366
2022-12-01,BOOK,103627
2022-12-01,EBOOK,140218
2023-01-01,AUDIOBOOK,142423
2023-01-01,BOOK,144997
2023-01-01,EBOOK,147030
2023-02-01,AUDIOBOOK,122388
2023-02-01,BOOK,116711
2023-02-01,EBOOK,125536
2023-03-01,AUDIOBOOK,139592
2023-03-01,BOOK,133464
2023-03-01,EBOOK,139642
2023-04-01,AUDIOBOOK,134178
2023-04-01,BOOK,120870
2023-04-01,EBOOK,135042
2023-05-01,AUDIOBOOK,142646
2023-05-01,BOOK,116947
2023-05-01,EBOOK,139455
2023-06-01,AUDIOBOOK,143933
2023-06-01,BOOK,122006
2023-06-01,EBOOK,136914
2023-07-01,AUDIOBOOK,153340
2023-07-01,BOOK,129088
2023-07-01,EBOOK,153310
2023-08-01,AUDIOBOOK,157552
2023-08-01,BOOK,132956
2023-08-01,EBOOK,152845
2023-09-01,AUDIOBOOK,149669
2023-09-01,BOOK,118728
2023-09-01,EBOOK,143379
2023-10-01,AUDIOBOOK,157090
2023-10-01,BOOK,122059
2023-10-01,EBOOK,150752
2023-11-01,AUDIOBOOK,151928
2023-11-01,BOOK,113849
2023-11-01,EBOOK,145610
2023-12-01,AUDIOBOOK,161140
2023-12-01,BOOK,104513
2023-12-01,EBOOK,158593
