date,usageclass,checkouts
2020-01-01,Digital,204991
2020-01-01,Physical,202835
2020-02-01,Digital,182380
2020-02-01,Physical,180910
2020-03-01,Digital,187933
2020-03-01,Physical,94858
2020-04-01,Digital,211941
2020-04-01,Physical,0
2020-05-01,Digital,239531
2020-05-01,Physical,0
2020-06-01,Digital,238837
2020-06-01,Physical,0
2020-07-01,Digital,240509
2020-07-01,Physical,0
2020-08-01,Digital,245672
2020-08-01,Physical,641
2020-09-01,Digital,227931
2020-09-01,Physical,18310
2020-10-01,Digital,225511
2020-10-01,Physical,32040
2020-11-01,Digital,223094
2020-11-01,Physical,35237
2020-12-01,Digital,241753
2020-12-01,Physical,44840
2021-01-01,Digital,254685
2021-01-01,Physical,54453
2021-02-01,Digital,217088
2021-02-01,Physical,53675
2021-03-01,Digital,244136
2021-03-01,Physical,69885
2021-04-01,Digital,218548
2021-04-01,Physical,64222
2021-05-01,Digital,232065
2021-05-01,Physical,66551
2021-06-01,Digital,225792
2021-06-01,Physical,91595
2021-07-01,Digital,225200
2021-07-01,Physical,117588
2021-08-01,Digital,234330
2021-08-01,Physical,119109
2021-09-01,Digital,208714
2021-09-01,Physical,128154
2021-10-01,Digital,218055
2021-10-01,Physical,131173
2021-11-01,Digital,217943
2021-11-01,Physical,131472
2021-12-01,Digital,235242
2021-12-01,Physical,90661
2022-01-01,Digital,253240
2022-01-01,Physical,140255
2022-02-01,Digital,207160
2022-02-01,Physical,111063
2022-03-01,Digital,232602
2022-03-01,Physical,133303
2022-04-01,Digital,193981
2022-04-01,Physical,120135
2022-05-01,Digital,239335
2022-05-01,Physical,123530
2022-06-01,Digital,234264
2022-06-01,Physical,131211
2022-07-01,Digital,252358
2022-07-01,Physical,117286
2022-08-01,Digital,259577
2022-08-01,Physical,135289
2022-09-01,Digital,242762
2022-09-01,Physical,122538
2022-10-01,Digital,250995
2022-10-01,Physical,123894
2022-11-01,Digital,243797
2022-11-01,Physical,120489
2022-12-01,Digital,268584
2022-12-01,Physical,103627
2023-01-01,Digital,289453
2023-01-01,Physical,144997
2023-02-01,Digital,247924
2023-02-01,Physical,116711
2023-03-01,Digital,279234
2023-03-01,Physical,133464
2023-04-01,Digital,269220
2023-04-01,Physical,120870
2023-05-01,Digital,282101
2023-05-01,Physical,116947
2023-06-01,Digital,280847
2023-06-01,Physical,122006
2023-07-01,Digital,306650
2023-07-01,Physical,129088
2023-08-01,Digital,310397
2023-08-01,Physical,132956
2023-09-01,Digital,293048
2023-09-01,Physical,118728
2023-10-01,Digital,307842
2023-10-01,Physical,122059
2023-11-01,Digital,297538
2023-11-01,Physical,113849
2023-12-01,Digital,319733
2023-12-01,Physical,104513
