rank,clean_creator,total_checkouts,unique_titles
1,Mo Willems,85525,99
2,Dav Pilkey,79152,215
3,Louise Penny,67760,82
4,Sarah J. Maas,66930,48
5,Jeff Kinney,64474,75
6,Agatha Christie,63641,276
7,J. K. Rowling,63530,63
8,Stephen King,60780,153
9,Michael Connelly,60071,99
10,David Baldacci,57949,110
11,Julia Quinn,55747,126
12,Lee Child,54299,102
13,Rick Riordan,53708,173
14,James Patterson,52775,489
15,Taylor Jenkins Reid,52505,13
16,John Grisham,51827,96
17,Lincoln Peirce,50251,150
18,Colleen Hoover,49523,63
19,Kristin Hannah,46680,33
20,Brené Brown,43678,19
21,Emily Henry,42577,9
22,Fredrik Backman,40875,19
23,Elin Hilderbrand,39054,63
24,Ann Patchett,38020,28
25,Liane Moriarty,37525,11
26,Brandon Sanderson,36823,127
27,Malcolm Gladwell,36673,15
28,Janet Evanovich,36408,176
29,Anthony Doerr,34220,11
30,Celeste Ng,33907,4
31,David Sedaris,33902,25
32,Lucy Foley,32833,6
33,Martha Wells,32784,56
34,Neil Gaiman,32136,74
35,Leigh Bardugo,31521,26
36,Robin Wall Kimmerer,31186,6
37,Tana French,31000,30
38,Nora Roberts,30213,213
39,Christina Lauren,30109,49
40,Jim Davis,29706,109
41,N. K. Jemisin,29664,29
42,Emily St. John Mandel,29242,9
43,Amor Towles,28896,4
44,Tracey West,28855,150
45,Matt Haig,28454,19
46,Sally Rooney,28425,5
47,Ruth Ware,28393,9
48,Suzanne Collins,28235,27
49,Jacqueline Winspear,28163,58
50,Mary Pope Osborne,28135,187
