rank,clean_title,primary_materialtype,total_checkouts
1,where the crawdads sing,AUDIOBOOK,27896
2,"braiding sweetgrass: indigenous wisdom, scientific knowledge and the teachings of plants",AUDIOBOOK,27214
3,the vanishing half,EBOOK,24724
4,lessons in chemistry,EBOOK,23644
5,educated: a memoir,AUDIOBOOK,22751
6,the midnight library,EBOOK,20795
7,becoming,AUDIOBOOK,20511
8,cloud cuckoo land,EBOOK,20301
9,"tomorrow, and tomorrow, and tomorrow",EBOOK,18554
10,crying in h mart,EBOOK,18010
11,the four winds,EBOOK,17896
12,i'm glad my mom died,AUDIOBOOK,17827
13,so you want to talk about race,AUDIOBOOK,17452
14,the guest list,AUDIOBOOK,16985
15,the seven husbands of evelyn hugo,EBOOK,16864
16,the invisible life of addie larue,EBOOK,16817
17,the last thing he told me,EBOOK,16593
18,the dutch house,AUDIOBOOK,15680
19,anxious people: a novel,EBOOK,15336
20,talking to strangers: what we should know about the people we don't know,AUDIOBOOK,14950
21,little fires everywhere,EBOOK,14871
22,how to be an antiracist,AUDIOBOOK,14489
23,a promised land,AUDIOBOOK,14079
24,a gentleman in moscow,EBOOK,13908
25,eleanor oliphant is completely fine,EBOOK,13473
26,such a fun age,EBOOK,13321
27,circe,EBOOK,13313
28,the subtle art of not giving a f*ck: a counterintuitive approach to living a good life,AUDIOBOOK,13135
29,101 essays that will change the way you think,AUDIOBOOK,13061
30,the silent patient,AUDIOBOOK,12889
31,apples never fall,EBOOK,12743
32,spare,AUDIOBOOK,12612
33,"maybe you should talk to someone: a therapist, her therapist, and our lives revealed",EBOOK,12441
34,untamed,AUDIOBOOK,12417
35,white fragility: why it's so hard for white people to talk about racism,EBOOK,12324
36,klara and the sun,BOOK,12315
37,"dune: dune series, book 1",AUDIOBOOK,12257
38,the paris apartment,AUDIOBOOK,11935
39,book lovers,EBOOK,11831
40,the giver of stars,AUDIOBOOK,11674
41,sapiens: a brief history of humankind,AUDIOBOOK,11481
42,"beautiful world, where are you",EBOOK,11235
43,the lincoln highway,EBOOK,11229
44,pride and prejudice,AUDIOBOOK,11201
45,project hail mary,EBOOK,11156
46,the starless sea,AUDIOBOOK,10938
47,people we meet on vacation,EBOOK,10846
48,all the light we cannot see,AUDIOBOOK,10843
49,the house of broken angels,EBOOK,10778
50,it ends with us,EBOOK,10750
51,pachinko,EBOOK,10725
52,"the body keeps the score: brain, mind, and body in the healing of trauma",AUDIOBOOK,10618
53,sea of tranquility,BOOK,10300
54,fourth wing,AUDIOBOOK,10288
55,everything i never told you,AUDIOBOOK,10185
56,dare to lead: brave work. tough conversations. whole hearts,AUDIOBOOK,10101
57,normal people: a novel,EBOOK,10097
58,atomic habits: an easy & proven way to build good habits & break bad ones,AUDIOBOOK,9977
59,"how to change your mind: what the new science of psychedelics teaches us about consciousness, dying, addiction, depression, and transcendence",AUDIOBOOK,9830
60,remarkably bright creatures,BOOK,9788
61,beach read,EBOOK,9471
62,nine perfect strangers,AUDIOBOOK,9437
63,"harry potter and the sorcerer's stone: harry potter series, book 1",AUDIOBOOK,9408
64,the house in the cerulean sea,EBOOK,9400
65,caste (oprah's book club): the origins of our discontents,AUDIOBOOK,9337
66,1984,AUDIOBOOK,9073
67,the power of habit: why we do what we do in life and business,AUDIOBOOK,9057
68,city of girls,EBOOK,9023
69,the handmaid's tale,EBOOK,9004
70,the body: a guide for occupants,AUDIOBOOK,8988
71,there there: a novel,EBOOK,8967
72,mexican gothic,EBOOK,8853
73,our missing hearts,EBOOK,8614
74,on earth we're briefly gorgeous,EBOOK,8572
75,verity,EBOOK,8552
76,homegoing: a novel,EBOOK,8386
77,the song of achilles,EBOOK,8315
78,"a court of thorns and roses: a court of thorns and roses series, book 1",AUDIOBOOK,8275
79,happy place,EBOOK,8253
80,the swimmers: a novel,EBOOK,8226
81,the glass hotel,EBOOK,8104
82,"daring greatly: how the courage to be vulnerable transforms the way we live, love, parent, and lead",AUDIOBOOK,7976
83,"harry potter and the chamber of secrets: harry potter series, book 2",AUDIOBOOK,7850
84,between the world and me,AUDIOBOOK,7848
85,daisy jones & the six,EBOOK,7815
86,station eleven: a novel,EBOOK,7766
87,"me and white supremacy: combat racism, change the world, and become a good ancestor",EBOOK,7756
88,killers of the flower moon: the osage murders and the birth of the fbi,EBOOK,7684
89,why we sleep: unlocking the power of sleep and dreams,AUDIOBOOK,7624
90,how to do nothing: resisting the attention economy,EBOOK,7609
91,the covenant of water,AUDIOBOOK,7608
92,under the whispering door,BOOK,7593
93,the night watchman,BOOK,7576
94,when breath becomes air,EBOOK,7489
95,a court of thorns and roses,AUDIOBOOK,7487
96,one italian summer,EBOOK,7332
97,"red, white & royal blue",EBOOK,7313
98,the underground railroad,EBOOK,7304
99,the night circus,EBOOK,7267
100,the great alone,AUDIOBOOK,7182
